Date,Open,High,Low,Close,Volume
2015-01-02,532.599976,535.799988,527.880005,529.549988,1324000
2015-01-05,527.150024,527.98999,517.75,519.460022,2059100
2015-01-06,520.5,521.210022,505.549988,506.640015,2722800
2015-01-07,510.950012,511.48999,503.649994,505.149994,2345900
2015-01-08,501.51001,507.5,495.019989,506.910004,3652700
2015-01-09,508.179993,508.600006,498.649994,500.720001,2100000
2015-01-12,499.23999,500.279999,490.910004,497.059998,2856900
2015-01-13,502.570007,508.600006,497.26001,501.799988,3047900
2015-01-14,500.420013,508.26001,498.160004,505.929993,2640000
2015-01-15,508.890015,509.75,502.01001,504.01001,2553400
2015-01-16,503.149994,510.850006,503.089996,510.459991,2482900
2015-01-20,512.77002,515.609985,509.369995,509.940002,2339800
2015-01-21,510.839996,521.849976,509.589996,520.390015,2317800
2015-01-22,523,538.840027,521.909973,537.299988,2803400
2015-01-23,538.030029,545.409973,535.75,541.950012,2298300
2015-01-26,541.5,541.5,532.070007,536.719971,1546600
2015-01-27,531.400024,532.780029,520.859985,521.190002,1957400
2015-01-28,525,525.690002,512.349976,512.429993,1791100
2015-01-29,512.900024,515.190002,503.480011,513.22998,3950900
2015-01-30,519,543.099976,518.179993,537.549988,6055400
2015-02-02,534.320007,536.5,521.719971,532.200012,3768900
2015-02-03,529.940002,537.450012,526.809998,533.299988,2353100
2015-02-04,533.140015,536.75,525.030029,526.099976,1694800
2015-02-05,527.929993,530.690002,525.640015,529.830017,1658800
2015-02-06,531.01001,540.219971,528.650024,533.880005,2146900
2015-02-09,531.059998,533.880005,527.549988,529.280029,1515700
2015-02-10,532.150024,541,529.169983,540.159973,2371500
2015-02-11,539.72998,541.950012,536,538,1915300
2015-02-12,539.659973,548.340027,537,546.01001,2429500
2015-02-13,547.51001,552.539978,546.599976,551.159973,2369100
2015-02-17,551.159973,553,543.26001,545.01001,1958700
2015-02-18,543.820007,547.549988,539.549988,542.650024,1558200
2015-02-19,542.469971,546.859985,540.75,546.450012,1541700
2015-02-20,547.580017,547.580017,538.099976,541.799988,1911700
2015-02-23,539,539.299988,532,535,1645300
2015-02-24,531.549988,539.400024,531,538.650024,1420300
2015-02-25,538.440002,549.570007,538.01001,547.330017,2041800
2015-02-26,545.73999,560.130005,545.090027,559.289978,2701600
2015-02-27,558.150024,569.419983,557.030029,562.630005,3416400
2015-03-02,567,575.98999,563.150024,575.02002,2520300
2015-03-03,576.349976,580.849976,570.5,578.789978,2526300
2015-03-04,576.969971,581.630005,572.52002,578.330017,1898200
2015-03-05,579.619995,583.200012,578.22998,581.429993,1795900
2015-03-06,582,582.780029,572.059998,572.900024,1879600
2015-03-09,570.919983,575.450012,569.049988,574.099976,1173900
2015-03-10,568.47998,569.76001,559.820007,559.849976,2004000
2015-03-11,559.799988,564.179993,555.409973,555.690002,2026200
2015-03-12,558.47998,561.840027,555.530029,561.169983,1780100
2015-03-13,559.22998,564.359985,550.330017,553,1771400
2015-03-16,556.929993,563.75,551.320007,561.640015,1842800
2015-03-17,558.289978,560.640015,554.409973,557.609985,1444600
2015-03-18,557.72998,566.51001,553.5,566.159973,1766200
2015-03-19,564.52002,566.960022,562.119995,563.669983,1233000
2015-03-20,566.710022,567.099976,564.47998,564.950012,2216000
2015-03-23,566,569.640015,563.059998,565.369995,1511700
2015-03-24,568.539978,581.880005,568.090027,577.539978,3957800
2015-03-25,577.570007,580.070007,567,567,2653500
2015-03-26,564.650024,567.190002,558.309998,563.640015,2492100
2015-03-27,561.830017,564.070007,556.929993,557.549988,1727600
2015-03-30,560.25,562.159973,556.789978,561.140015,1239400
2015-03-31,557.940002,562.450012,554.669983,554.700012,1746600
2015-04-01,554.830017,558.5,546.030029,549.48999,1945100
2015-04-02,547.409973,548,540.440002,541.309998,2388000
2015-04-06,538.840027,545.539978,535.700012,543.950012,1685900
2015-04-07,544.98999,550.159973,543.590027,544.859985,1365900
2015-04-08,546,551.5,546,548.840027,1419300
2015-04-09,549.210022,549.369995,541.950012,548.02002,1618300
2015-04-10,549.570007,549.849976,544.97998,548.539978,1305200
2015-04-13,547.049988,553.27002,546.299988,548.640015,1466300
2015-04-14,546.570007,546.570007,535.73999,539.780029,2360300
2015-04-15,537.960022,543.190002,532.369995,541.039978,2348100
2015-04-16,538.349976,545.22998,538.099976,543.52002,1586100
2015-04-17,537.309998,539.799988,529,532.73999,2461700
2015-04-20,533.75,545.799988,533.349976,544.530029,1925400
2015-04-21,546.309998,547.77002,542.210022,542.919983,1456400
2015-04-22,543.059998,551,541.320007,549.179993,1590300
2015-04-23,550.409973,561.169983,550.080017,557.460022,3909200
2015-04-24,580.049988,584.700012,568.349976,573.659973,4608400
2015-04-27,572.77002,575.52002,562.299988,566.119995,2403100
2015-04-28,564.320007,567.830017,560.960022,564.369995,1858900
2015-04-29,560.51001,565.840027,559,561.390015,1681100
2015-04-30,558.559998,561.109985,546.719971,548.77002,2362000
2015-05-01,550.51001,551.219971,543.849976,551.159973,1828600
2015-05-04,550.98999,556.690002,547.390015,552.840027,1763000
2015-05-05,550.159973,552.609985,542.369995,543.039978,1426400
2015-05-06,542.640015,543.929993,532.23999,535.080017,1951700
2015-05-07,535.900024,545.200012,533.450012,542.039978,1592200
2015-05-08,548.869995,552.799988,548.030029,548.950012,1411300
2015-05-11,548.48999,553.369995,545.599976,545.780029,1092900
2015-05-12,542.809998,542.960022,535,538.72998,1764100
2015-05-13,540.469971,543.840027,538.97998,539.48999,1211900
2015-05-14,543.969971,549.690002,542.5,549.200012,1586800
2015-05-15,550.390015,550.599976,542.5,546.48999,1672000
2015-05-18,543.820007,548.340027,542.25,546.669983,1335300
2015-05-19,548,553.400024,547.119995,549.280029,2356300
2015-05-20,550.919983,556.070007,545.099976,552.51001,1542000
2015-05-21,550.200012,557.609985,549.299988,556.809998,1708500
2015-05-22,554.460022,558.23999,553.619995,554.52002,1213300
2015-05-26,552.580017,553.330017,542.969971,547.190002,1873700
2015-05-27,548.679993,555.289978,546.580017,554.25,1742200
2015-05-28,553.789978,555.76001,550.799988,554.179993,1177200
2015-05-29,553.200012,553.940002,545.039978,545.320007,2172300
2015-06-01,548.72998,550.570007,543.580017,549.210022,1660500
2015-06-02,547.429993,558.789978,546.549988,553.950012,1592100
2015-06-03,555.099976,557.98999,552.150024,555.289978,1335500
2015-06-04,552.179993,555.960022,549.119995,551.690002,1343300
2015-06-05,552,553.330017,547.380005,549.530029,1219800
2015-06-08,549.609985,549.869995,542.950012,543.47998,1366800
2015-06-09,543.419983,544.840027,538.849976,542.159973,1500800
2015-06-10,545.700012,554.780029,545.109985,552.599976,1515800
2015-06-11,554.48999,554.830017,549.169983,550.039978,1293600
2015-06-12,547.150024,548.849976,545.630005,547.469971,1273400
2015-06-15,542.72998,544.049988,539.210022,543,1357500
2015-06-16,544.47998,546.690002,541.570007,544.869995,1626300
2015-06-17,545.419983,548.359985,541.809998,546.599976,1222000
2015-06-18,548,557.25,548,556.179993,2059600
2015-06-19,556.52002,557.909973,552.26001,557.52002,2964500
2015-06-22,559.409973,565.609985,558.909973,559.679993,1737600
2015-06-23,559.789978,564.900024,557.150024,563.390015,1569800
2015-06-24,562.47998,562.640015,556.809998,558.570007,1446200
2015-06-25,560.299988,563.140015,557.460022,557.950012,1334200
2015-06-26,559.710022,560,551.849976,553.059998,2183800
2015-06-29,546.75,550.900024,540.23999,541.25,1887800
2015-06-30,545.090027,545.900024,539.539978,540.039978,1725500
2015-07-01,543.659973,545.809998,539.76001,543.299988,1538000
2015-07-02,544.73999,548,543.570007,547.340027,1406200
2015-07-06,542.25,548.580017,542.099976,545.619995,1280700
2015-07-07,547.429993,551,539.849976,550.030029,1678900
2015-07-08,545.599976,548.280029,541.200012,541.700012,1383100
2015-07-09,548.650024,548.880005,544.619995,544.650024,1488300
2015-07-10,553.710022,559.289978,552,556.109985,2171800
2015-07-13,559.51001,572.849976,558.700012,571.72998,2089600
2015-07-14,574.5,589.710022,574.169983,584.179993,3741600
2015-07-15,583.73999,588.690002,580.210022,583.960022,2073300
2015-07-16,589.5,604.5,587.919983,601.780029,5632100
2015-07-17,680,703,678,699.619995,12858100
2015-07-20,688.97998,697.799988,681.77002,692.840027,5121800
2015-07-21,684.880005,705.599976,684.150024,695.349976,3780200
2015-07-22,694.02002,713.330017,691.619995,695.099976,4155000
2015-07-23,691.849976,696.070007,671.590027,674.72998,3811600
2015-07-24,676.77002,677.789978,653.179993,654.77002,4131100
2015-07-27,651.570007,667.070007,651.549988,658.27002,2919100
2015-07-28,661.76001,664.099976,653.409973,659.659973,1718200
2015-07-29,662.26001,663.330017,652.840027,661.429993,1837800
2015-07-30,657.440002,668.049988,651.690002,664.559998,1980300
2015-07-31,664.700012,665,657.200012,657.5,1746100
2015-08-03,657.659973,666.669983,657.659973,664.719971,1567400
2015-08-04,664.340027,668,660.51001,661.280029,1309400
2015-08-05,665.75,679.909973,665.580017,673.289978,1822400
2015-08-06,673.98999,674.75,660.72998,670.150024,2033000
2015-08-07,667.780029,668.799988,658.869995,664.390015,1377200
2015-08-10,667.090027,671.619995,660.22998,663.140015,1722900
2015-08-11,699.580017,704,684.320007,690.299988,5494000
2015-08-12,694.48999,696,680.51001,691.469971,2924900
2015-08-13,689.200012,694.030029,682.179993,686.51001,1817700
2015-08-14,684.039978,692.26001,682.900024,689.369995,1379900
2015-08-17,688.039978,694.73999,683.059998,694.109985,1234000
2015-08-18,691.070007,695.76001,685.320007,688.72998,1385500
2015-08-19,690.109985,700.200012,686.799988,694.039978,2509700
2015-08-20,689.099976,696.159973,675.280029,679.47998,2889900
2015-08-21,671.039978,672.890015,643.099976,644.030029,4594000
2015-08-24,600.599976,627.679993,593.090027,618.109985,6489400
2015-08-25,646.469971,647,611.669983,612.469971,3571500
2015-08-26,643.099976,662.47998,630.369995,659.73999,4387000
2015-08-27,671.98999,673.97998,651.099976,667.960022,2948700
2015-08-28,665.76001,667,653.75,659.690002,1941800
2015-08-31,654.340027,664.409973,646.349976,647.820007,1946800
2015-09-01,633.809998,644.440002,625.059998,629.559998,2572900
2015-09-02,638,645.059998,630.640015,644.909973,1881500
2015-09-03,647.929993,651.25,633.809998,637.049988,1728600
2015-09-04,629.700012,634.5,626.5,628.960022,2023900
2015-09-08,641,645.039978,632.900024,643.880005,1954600
2015-09-09,651.880005,657.359985,640.900024,643.409973,2048900
2015-09-10,643.900024,654.900024,641.700012,651.080017,1392500
2015-09-11,650.210022,655.309998,647.409973,655.299988,1744600
2015-09-14,655.630005,655.919983,649.5,652.469971,1497100
2015-09-15,656.710022,668.849976,653.340027,665.070007,1777300
2015-09-16,665.549988,668.070007,662.200012,665.52002,1312600
2015-09-17,667.48999,681.98999,665,671.669983,2387600
2015-09-18,665.059998,669.840027,660.030029,660.919983,3627200
2015-09-21,665.51001,669,658,666.97998,1954700
2015-09-22,657.469971,658.820007,645.030029,653.200012,2718100
2015-09-23,652.900024,660.280029,650.72998,653.289978,1458000
2015-09-24,648.969971,656.77002,642.169983,654.909973,1934600
2015-09-25,658.580017,658.580017,639.659973,640.150024,2424000
2015-09-28,639.049988,642.849976,617.840027,624.25,2382300
2015-09-29,625.5,634.679993,618.030029,622.609985,2106500
2015-09-30,631.830017,639.309998,629.150024,638.369995,2647700
2015-10-01,637.940002,643.840027,631.119995,642,2125300
2015-10-02,638.01001,657,633.5,656.98999,2439400
2015-10-05,661.599976,673.030029,655.869995,671.679993,1898000
2015-10-06,669.349976,678.799988,663.080017,671.640015,2138700
2015-10-07,677.400024,678.73999,658.109985,670,2217700
2015-10-08,669.450012,671.890015,654.48999,667,1965400
2015-10-09,667.48999,674.090027,662.359985,671.23999,1606200
2015-10-12,669.190002,677.97998,667.23999,676.429993,1334200
2015-10-13,674.26001,688.460022,673.109985,683.169983,2122300
2015-10-14,683.72998,690.039978,678.900024,680.409973,1564600
2015-10-15,685.25,694.159973,684.390015,693.02002,2357800
2015-10-16,695.400024,696.219971,689.099976,695.320007,1815800
2015-10-19,694,700.23999,692.210022,699.950012,1508600
2015-10-20,697.890015,698,673.679993,680,2621700
2015-10-21,683.210022,684.900024,670.700012,671.799988,1597600
2015-10-22,675.440002,688.049988,671.700012,681.140015,4431600
2015-10-23,750.059998,752.5,717.940002,719.330017,6336300
2015-10-26,720.02002,734.950012,720.02002,731.119995,2438800
2015-10-27,726.570007,735.960022,724.140015,732.820007,1938900
2015-10-28,733,737.369995,727.27002,736.919983,1980200
2015-10-29,736.630005,746.789978,735.159973,744.849976,1826000
2015-10-30,745.559998,746.309998,736.530029,737.390015,1999200
2015-11-02,734.530029,748.179993,731.450012,747.73999,1995700
2015-11-03,745.429993,751.700012,741.159973,748.820007,1815300
2015-11-04,749.900024,759.900024,749.200012,755.309998,2092000
2015-11-05,758.809998,766.349976,757.469971,760.669983,2274300
2015-11-06,759.390015,763.02002,755.030029,761.599976,1677200
2015-11-09,758.52002,763.299988,749.109985,754.77002,1776900
2015-11-10,753.47998,760.599976,748.409973,758.26001,1489900
2015-11-11,762.380005,769.080017,759.75,765.25,2093300
2015-11-12,760.179993,765.799988,755.859985,756.530029,1772600
2015-11-13,754.039978,755.330017,739.469971,740.070007,2409400
2015-11-16,740.210022,751.710022,734.330017,750.419983,2535200
2015-11-17,752.469971,754.950012,744.049988,745.97998,1943200
2015-11-18,749.570007,761.099976,747.390015,760.01001,1813300
2015-11-19,759.780029,763.22998,757.22998,759.940002,1403900
2015-11-20,769.299988,779.320007,764.099976,777,2773900
2015-11-23,777.469971,782.900024,773.51001,776.700012,1732400
2015-11-24,772.960022,775.98999,758.109985,769.630005,2394000
2015-11-25,771.690002,773,766.530029,769.26001,1180600
2015-11-27,769.159973,774,767,771.969971,721700
2015-11-30,771.869995,775.030029,761.119995,762.849976,1679300
2015-12-01,766.940002,785,765.950012,783.789978,2019900
2015-12-02,785.25,793.049988,776.429993,777.849976,2343800
2015-12-03,780.559998,784.47998,762.450012,768.200012,2097500
2015-12-04,769.710022,782.419983,765.51001,779.210022,2490000
2015-12-07,780.059998,781,766.719971,772.98999,1831300
2015-12-08,764.5,778.650024,762.52002,775.140015,1554100
2015-12-09,771.099976,776.090027,752.01001,762.549988,2327500
2015-12-10,763.590027,766.070007,755,760.039978,1622900
2015-12-11,749,757.440002,748.650024,750.419983,2159200
2015-12-14,751.26001,764.150024,736.26001,762.539978,2693200
2015-12-15,767.789978,774.75,758,760.090027,2469300
2015-12-16,766.570007,781.5,757.049988,776.590027,2656000
2015-12-17,781.159973,781.590027,769.299988,769.830017,1825500
2015-12-18,767.22998,774.140015,756.590027,756.849976,3389700
2015-12-21,763.049988,766.349976,754.150024,760.799988,1742400
2015-12-22,764.27002,770.340027,761.200012,767.130005,1816900
2015-12-23,770.690002,771.900024,757.650024,768.51001,1529700
2015-12-24,768.52002,769.200012,764.390015,765.840027,520600
2015-12-28,770,782.820007,767.72998,782.23999,1557800
2015-12-29,786.98999,798.690002,786.200012,793.960022,1921500
2015-12-30,793.960022,796.460022,787.200012,790.299988,1428300
2015-12-31,787.820007,788.330017,777.320007,778.01001,1637600
2016-01-04,762.200012,762.200012,747.539978,759.440002,3369100
2016-01-05,764.099976,769.200012,755.650024,761.530029,2260800
2016-01-06,750.369995,765.72998,748,759.330017,2410300
2016-01-07,746.48999,755.309998,735.280029,741,3156600
2016-01-08,747.799988,750.119995,728.919983,730.909973,2375300
2016-01-11,731.950012,735.080017,719.559998,733.070007,2544800
2016-01-12,740.75,748.340027,736.429993,745.340027,2340800
2016-01-13,749.340027,753,716.780029,719.570007,2586400
2016-01-14,724.440002,739.890015,705,731.390015,2777900
2016-01-15,709.98999,724.159973,701.51001,710.48999,3833800
2016-01-19,720.150024,725.349976,709.849976,719.080017,2436200
2016-01-20,705.900024,726.950012,687.780029,718.559998,4122000
2016-01-21,720.169983,737.669983,711.109985,726.669983,2596900
2016-01-22,742,748.559998,740.5,745.460022,2357300
2016-01-25,743.840027,752.460022,732.5,733.619995,2267000
2016-01-26,735.210022,739.460022,726.969971,733.789978,1547000
2016-01-27,735.890015,735.890015,713.450012,717.580017,2121400
2016-01-28,738.190002,751.159973,730.599976,748.299988,3105200
2016-01-29,748.960022,765.109985,744.200012,761.349976,3790400
2016-02-01,771.26001,777.590027,761.380005,770.77002,5576100
2016-02-02,800.5,810.349976,780.599976,780.909973,6792300
2016-02-03,786.280029,791.429993,736.26001,749.380005,6555700
2016-02-04,744.590027,745.23999,722.599976,730.030029,5246100
2016-02-05,725.5,726.719971,700.140015,703.76001,5477800
2016-02-08,687.679993,704.52002,682.01001,704.159973,4470500
2016-02-09,692.950012,720.960022,688.5,701.02002,4215000
2016-02-10,711.789978,723.219971,705.390015,706.849976,3015700
2016-02-11,696.340027,712.320007,691.190002,706.359985,3250200
2016-02-12,712.210022,716,701.580017,706.890015,2326900
2016-02-16,718.650024,722.880005,710.179993,717.640015,2172200
2016-02-17,727,733.76001,716.609985,731.969971,2457700
2016-02-18,733.960022,736,715.549988,717.51001,2363800
2016-02-19,715.900024,724.030029,713.119995,722.109985,1745900
2016-02-22,729.51001,734.849976,723.450012,729.049988,1875800
2016-02-23,726.099976,730.900024,715.669983,717.289978,2066600
2016-02-24,710.609985,721.219971,702.02002,720.900024,1854600
2016-02-25,722.929993,729.51001,713.22998,729.119995,1807300
2016-02-26,733.599976,736.159973,721.940002,724.859985,2123700
2016-02-29,721,730.599976,716.840027,717.219971,2253400
2016-03-01,721.299988,742.330017,718.640015,742.169983,3005600
2016-03-02,742.869995,743.119995,733.25,739.47998,1814600
2016-03-03,739.47998,741,729.630005,731.590027,2026700
2016-03-04,734.799988,735,725.619995,730.219971,2425800
2016-03-07,725.150024,727.210022,705.140015,712.799988,3084500
2016-03-08,708.390015,722.25,704,713.530029,2626500
2016-03-09,715.169983,726.23999,712.659973,725.409973,1977200
2016-03-10,727.789978,736.539978,723.289978,732.169983,2230800
2016-03-11,739.950012,744.900024,736.700012,744.869995,1769000
2016-03-14,744.969971,754.26001,743.659973,750.23999,1641200
2016-03-15,746.02002,753.01001,742.840027,750.570007,1491600
2016-03-16,749.049988,759,746.5,757.359985,1465300
2016-03-17,757.650024,765.340027,757.359985,758.47998,2228200
2016-03-18,761.630005,762.140015,751.820007,755.409973,2811100
2016-03-21,753.909973,763.340027,751.27002,762.159973,1438700
2016-03-22,758.440002,765,757.880005,760.049988,1104800
2016-03-23,763.349976,765.390015,756.030029,757.559998,1233900
2016-03-24,751.200012,757.559998,750.5,754.840027,1555800
2016-03-28,756.169983,758.299988,752.039978,753.280029,1083800
2016-03-29,753.679993,767.179993,748.289978,765.890015,2003100
2016-03-30,768.210022,777.309998,767.580017,768.340027,2019800
2016-03-31,768.340027,769.080017,758.25,762.900024,1627700
2016-04-01,757.159973,770.039978,755.200012,769.669983,1583700
2016-04-04,769.51001,772.440002,761.789978,765.119995,1346200
2016-04-05,758.130005,762.869995,755.599976,758.570007,1223900
2016-04-06,757.840027,768.419983,756.299988,768.070007,1265600
2016-04-07,765.320007,769.359985,757.5,760.119995,1274900
2016-04-08,765.869995,767.130005,755.77002,759.469971,1171700
2016-04-11,765.450012,767.219971,757.340027,757.539978,1588700
2016-04-12,758.429993,764.919983,751.570007,764.320007,1369400
2016-04-13,770.309998,775.75,764.590027,771.909973,1771300
2016-04-14,775.359985,779.609985,773.219971,775.390015,1349600
2016-04-15,775.5,780.929993,774.929993,780,1585600
2016-04-18,780.190002,788.549988,777.609985,787.679993,1677000
2016-04-19,790.5,790.950012,770.27002,776.25,2197600
2016-04-20,779.159973,779.659973,771.27002,774.919983,1713100
2016-04-21,777.309998,781.679993,771.549988,780,3881400
2016-04-22,743.909973,753.919983,730.369995,737.77002,7039900
2016-04-25,735.349976,744.880005,735.099976,742.210022,2472100
2016-04-26,744.419983,745.590027,720.320007,725.369995,2793200
2016-04-27,725.320007,727.150024,709.080017,721.460022,3313100
2016-04-28,723.289978,729.26001,703.200012,705.059998,3129500
2016-04-29,704.119995,712.109985,703.780029,707.880005,2913900
2016-05-02,711.919983,715.409973,706.359985,714.409973,1673800
2016-05-03,712.5,713.369995,707.330017,708.440002,1931000
2016-05-04,706.77002,715.049988,704.049988,711.369995,1708600
2016-05-05,715,717.549988,709.450012,714.710022,1483400
2016-05-06,712.200012,725.98999,711.950012,725.179993,1997600
2016-05-09,726.700012,734.289978,723.5,729.130005,1903700
2016-05-10,734.960022,740,731.609985,739.380005,1631700
2016-05-11,740.52002,740.799988,727.900024,730.549988,1491700
2016-05-12,732,735.369995,724.27002,728.070007,1354700
2016-05-13,726.619995,731.289978,723.51001,724.830017,1262200
2016-05-16,724.320007,732.679993,720,730.299988,1126900
2016-05-17,731.059998,735.849976,718,720.190002,1670200
2016-05-18,718.5,725.570007,715.02002,721.780029,1626800
2016-05-19,718.299988,720.5,710.309998,715.309998,1529900
2016-05-20,716.460022,727.700012,715.01001,721.710022,1739900
2016-05-23,719.97998,723.5,716.940002,717.25,1240800
2016-05-24,719.849976,734.200012,719.650024,733.030029,1894200
2016-05-25,735,739.890015,732.599976,738.099976,1610800
2016-05-26,736,741.099976,733,736.929993,1360100
2016-05-27,737.51001,747.909973,737.01001,747.599976,1740100
2016-05-31,748.76001,753.47998,745.570007,748.849976,2124200
2016-06-01,748.469971,751.369995,744.340027,748.460022,1039400
2016-06-02,746.099976,747.299988,737,744.27002,1695800
2016-06-03,741.48999,741.48999,733.909973,735.859985,1230400
2016-06-06,738.5,738.5,728.289978,730.059998,1499600
2016-06-07,733.27002,736.710022,730.799988,731.090027,1215700
2016-06-08,739.5,743.809998,735.77002,742.929993,1615700
2016-06-09,737.070007,743.929993,736.5,742.52002,959000
2016-06-10,735.950012,739.640015,730.51001,733.190002,1452500
2016-06-13,729.820007,739,729.820007,731.880005,1167700
2016-06-14,729.309998,736,726.5,733.25,1329200
2016-06-15,734.919983,737.150024,731.309998,732.190002,1161700
2016-06-16,727.960022,730.390015,715.539978,724.25,2250100
2016-06-17,721.390015,721.390015,701.119995,704.25,4113100
2016-06-20,710.309998,715.869995,705.409973,706.130005,2282700
2016-06-21,710.049988,715.380005,704.659973,708.880005,1515900
2016-06-22,714.049988,714.210022,705.880005,710.469971,1452900
2016-06-23,710.549988,714.880005,700.25,714.869995,2125000
2016-06-24,690.169983,705,684.909973,685.200012,4771800
2016-06-27,682.48999,683.330017,672.659973,681.140015,2907300
2016-06-28,691.369995,692.73999,684.849976,691.26001,1912300
2016-06-29,694.26001,699.5,692.679993,695.190002,2156200
2016-06-30,697.650024,703.77002,694.900024,703.530029,2112500
2016-07-01,705.099976,712.530029,703.72998,710.25,1549200
2016-07-05,705.01001,708.119995,699.130005,704.890015,1422000
2016-07-06,699.840027,713,699,708.969971,1445100
2016-07-07,710.109985,710.169983,700.669983,707.26001,1058700
2016-07-08,710.559998,717.900024,708.109985,717.780029,1497300
2016-07-11,719.419983,728.929993,718.869995,727.200012,1441100
2016-07-12,731.919983,735.599976,727.5,732.51001,1323400
2016-07-13,735.52002,735.52002,729.02002,729.47998,1021800
2016-07-14,733.940002,736.140015,730.590027,735.799988,1070400
2016-07-15,741,741,734.640015,735.630005,1617100
2016-07-18,737.909973,755.140015,736.51001,753.200012,1934900
2016-07-19,749.869995,756.590027,748.48999,753.409973,1521800
2016-07-20,754.049988,760.640015,754.049988,757.080017,1125100
2016-07-21,757,758.150024,751.52002,754.409973,953100
2016-07-22,757.320007,759.450012,752.659973,759.280029,1046000
2016-07-25,757.679993,759.820007,754.070007,757.52002,1073300
2016-07-26,757.52002,759.26001,752.75,757.650024,1189600
2016-07-27,758.969971,764.450012,755.929993,761.969971,1608600
2016-07-28,768.840027,768.969971,759.090027,765.840027,3673200
2016-07-29,797.710022,803.940002,790,791.340027,5090500
2016-08-01,786.669983,807.48999,785.039978,800.940002,3029700
2016-08-02,797.330017,802.320007,794.530029,800.119995,1996400
2016-08-03,796.469971,799.539978,793.02002,798.919983,1460300
2016-08-04,798.23999,800.200012,793.919983,797.25,1076000
2016-08-05,800.109985,807.219971,797.809998,806.929993,1807300
2016-08-08,806,807.599976,801.690002,805.22998,1221300
2016-08-09,804.48999,813.330017,804.059998,807.47998,1607700
2016-08-10,807.049988,810.880005,806.48999,808.48999,918500
2016-08-11,810.469971,813.880005,806,808.200012,1282300
2016-08-12,805.090027,807.190002,803.640015,807.049988,897300
2016-08-15,807.210022,811.359985,804.030029,805.960022,929800
2016-08-16,803.5,804.26001,797,801.190002,1057900
2016-08-17,800,805.630005,796.299988,805.419983,1066100
2016-08-18,805.359985,808,801.630005,802.75,864600
2016-08-19,799.789978,801.22998,796.880005,799.650024,1120800
2016-08-22,798.51001,799.299988,794.330017,796.950012,852800
2016-08-23,800.47998,801,795.98999,796.590027,917500
2016-08-24,796.859985,798.460022,790.76001,793.599976,1283600
2016-08-25,792,794.719971,787.22998,791.299988,1202700
2016-08-26,792.48999,799.400024,789.409973,793.219971,1248900
2016-08-29,793.049988,798.52002,790.320007,795.820007,773700
2016-08-30,792.880005,798,789.469971,791.919983,1167400
2016-08-31,789.599976,791.570007,787.200012,789.849976,1071400
2016-09-01,791.97998,792.890015,786.330017,791.400024,1303500
2016-09-02,795.27002,797.099976,793.26001,796.869995,1349900
2016-09-06,798.390015,810.890015,795.429993,808.02002,1989500
2016-09-07,807.929993,810.599976,803.719971,807.98999,1145300
2016-09-08,805.219971,808.419983,801.01001,802.840027,1177700
2016-09-09,798.77002,801.75,788.049988,788.47998,1887600
2016-09-12,784.52002,800.169983,783.5,798.820007,1863700
2016-09-13,794.01001,795.789978,784.330017,788.719971,1809000
2016-09-14,787.530029,796.330017,787.530029,790.460022,1292100
2016-09-15,790.01001,803.650024,788.659973,801.22998,1557200
2016-09-16,799.02002,799.02002,793.619995,797.969971,2130600
2016-09-19,801.109985,803.98999,793.559998,795.390015,1149500
2016-09-20,800,802.75,798.26001,799.780029,1049200
2016-09-21,801.26001,805.909973,796.030029,805.030029,1348500
2016-09-22,810,819.059998,807.710022,815.950012,1759300
2016-09-23,815.140015,817,812.72998,814.960022,1411700
2016-09-26,809.820007,810.080017,800.450012,802.650024,1472700
2016-09-27,801.830017,813.48999,801.830017,810.72998,1367300
2016-09-28,804.080017,810.25,802.780029,810.059998,1470300
2016-09-29,807.22998,813.909973,800.859985,802.640015,1350000
2016-09-30,803.599976,808.090027,801.5,804.059998,1660200
2016-10-03,802.549988,803.539978,796.22998,800.380005,1489200
2016-10-04,805,806.5,799.669983,802.789978,1258700
2016-10-05,806,808.5,800.710022,801.22998,1213800
2016-10-06,804.080017,806.950012,800.51001,803.080017,1099900
2016-10-07,805.929993,805.940002,796.820007,800.710022,1163100
2016-10-10,803.929993,817.380005,802.23999,814.169983,1496100
2016-10-11,814.169983,819.859985,807.369995,809.570007,1721600
2016-10-12,811.960022,814.5,808.549988,811.77002,907900
2016-10-13,806.070007,806.559998,798.619995,804.080017,1369000
2016-10-14,807.450012,810.090027,802.320007,804.599976,1111900
2016-10-17,805.98999,813.48999,803.830017,806.840027,1056400
2016-10-18,814.210022,828.809998,813.330017,821.48999,2289300
2016-10-19,822.880005,829.799988,822.880005,826.840027,1500100
2016-10-20,827.559998,828.469971,820.549988,821.630005,1393900
2016-10-21,820,824.289978,818.309998,824.059998,1615800
2016-10-24,830.090027,837.940002,829.039978,835.73999,1447600
2016-10-25,838.5,838.5,825.299988,828.549988,1890700
2016-10-26,827.119995,827.710022,816.349976,822.099976,1794900
2016-10-27,823.01001,826.580017,814.609985,817.349976,2973500
2016-10-28,829.940002,839,817,819.559998,4354900
2016-10-31,822.429993,822.630005,808,809.900024,2242700
2016-11-01,810.869995,813.960022,798.26001,805.47998,2355900
2016-11-02,806.76001,806.76001,785,788.419983,2350700
2016-11-03,784.5,790,778.630005,782.190002,2175200
2016-11-04,771.299988,788.47998,771,781.099976,1970600
2016-11-07,794.950012,805,792.900024,802.030029,1992600
2016-11-08,802.030029,816.039978,799.619995,811.97998,1769100
2016-11-09,801.830017,811.710022,792.039978,805.590027,3098500
2016-11-10,810,810.059998,768.22998,780.289978,5909600
2016-11-11,776.809998,777.289978,765.539978,771.75,3592600
2016-11-14,771.76001,771.780029,743.590027,753.219971,3688300
2016-11-15,765.469971,780.23999,765.219971,775.159973,2943900
2016-11-16,770.419983,783.5,766.330017,779.97998,1798400
2016-11-17,782.5,788.900024,779.849976,786.159973,1533700
2016-11-18,787.169983,791.289978,775.349976,775.969971,1806300
2016-11-21,778.099976,786.549988,776.299988,784.799988,1630800
2016-11-22,788.98999,793.77002,783.73999,785,1394200
2016-11-23,789.52002,789.52002,772.650024,779,1313000
2016-11-25,782.609985,782.900024,778.190002,780.22998,613500
2016-11-28,778.349976,799.73999,778.099976,785.789978,2575400
2016-11-29,788.380005,796.440002,785.340027,789.440002,1562000
2016-11-30,789.099976,791.51001,773.150024,775.880005,2279100
2016-12-01,778.549988,778.599976,753.359985,764.330017,2867100
2016-12-02,761.900024,770.5,759,764.460022,1718800
2016-12-05,770,780,766.969971,778.219971,1688500
2016-12-06,780.190002,785.280029,773.320007,776.179993,1734100
2016-12-07,779.950012,792,773.530029,791.469971,2029400
2016-12-08,792.950012,799,787.909973,795.169983,1612500
2016-12-09,799.299988,809.950012,798.049988,809.450012,1904500
2016-12-12,804.820007,811.349976,804.530029,807.900024,1628600
2016-12-13,812.390015,824.299988,811.940002,815.340027,2128200
2016-12-14,815.919983,824.26001,812.780029,817.890015,1799700
2016-12-15,817.359985,823,812,815.650024,1769700
2016-12-16,818.309998,819.200012,808.119995,809.840027,2598900
2016-12-19,809.280029,816.219971,804.5,812.5,1263600
2016-12-20,813.369995,816.48999,811,815.200012,1271900
2016-12-21,815.719971,815.719971,805.099976,812.200012,1459600
2016-12-22,809.099976,811.070007,806.030029,809.679993,1131600
2016-12-23,808.01001,810.969971,805.109985,807.799988,765500
2016-12-27,808.679993,816,805.799988,809.929993,976000
2016-12-28,813.330017,813.330017,802.440002,804.570007,1214800
2016-12-29,802.330017,805.75,798.140015,802.880005,1057400
2016-12-30,803.210022,803.289978,789.619995,792.450012,1735900
2017-01-03,800.619995,811.440002,796.890015,808.01001,1959000
2017-01-04,809.890015,813.429993,804.109985,807.77002,1515300
2017-01-05,807.5,813.73999,805.919983,813.02002,1340500
2017-01-06,814.98999,828.960022,811.5,825.210022,2017100
2017-01-09,826.369995,830.429993,821.619995,827.179993,1408900
2017-01-10,827.070007,829.409973,823.140015,826.01001,1197400
2017-01-11,826.619995,829.900024,821.469971,829.859985,1325400
2017-01-12,828.380005,830.380005,821.01001,829.530029,1349500
2017-01-13,831,834.650024,829.52002,830.940002,1290200
2017-01-17,830,830.179993,823.200012,827.460022,1440900
2017-01-18,829.799988,829.809998,824.080017,829.02002,1027700
2017-01-19,829,833,823.960022,824.369995,1070500
2017-01-20,829.090027,829.23999,824.599976,828.169983,1306200
2017-01-23,831.609985,845.539978,828.700012,844.429993,2457400
2017-01-24,846.97998,851.52002,842.280029,849.530029,1688400
2017-01-25,853.549988,858.789978,849.73999,858.450012,1655400
2017-01-26,859.049988,861,850.52002,856.97998,3493300
2017-01-27,859,867,841.900024,845.030029,3752500
2017-01-30,837.059998,837.22998,821.030029,823.830017,3516900
2017-01-31,819.5,823.070007,813.400024,820.190002,2020200
2017-02-01,824,824,812.25,815.23999,2251000
2017-02-02,815,824.559998,812.049988,818.26001,1689200
2017-02-03,823.130005,826.130005,819.349976,820.130005,1528100
2017-02-06,820.919983,822.390015,814.289978,821.619995,1350900
2017-02-07,825.5,831.919983,823.289978,829.22998,1666600
2017-02-08,830.530029,834.25,825.109985,829.880005,1302200
2017-02-09,831.72998,831.97998,826.5,830.059998,1194200
2017-02-10,832.950012,837.150024,830.51001,834.849976,1415100
2017-02-13,837.700012,841.73999,836.25,838.960022,1295700
2017-02-14,839.77002,842,835.830017,840.030029,1363300
2017-02-15,838.809998,841.77002,836.219971,837.320007,1357200
2017-02-16,838.5,842.690002,837.26001,842.169983,1005100
2017-02-17,841.309998,846.940002,839.780029,846.549988,1461200
2017-02-21,847.98999,852.200012,846.549988,849.27002,1260300
2017-02-22,848,853.789978,846.710022,851.359985,1224400
2017-02-23,851.080017,852.619995,842.5,851,1386700
2017-02-24,847.650024,848.359985,842.960022,847.809998,1346200
2017-02-27,844.950012,850.669983,843.01001,849.669983,1010300
2017-02-28,847.349976,848.830017,841.440002,844.929993,1383100
2017-03-01,851.380005,858,849.02002,856.75,1818700
2017-03-02,856.309998,856.48999,848.719971,849.849976,1250900
2017-03-03,848.940002,850.820007,844.710022,849.080017,1005000
2017-03-06,846.859985,848.940002,841.169983,847.27002,1047900
2017-03-07,847.26001,853.330017,845.52002,851.150024,1038700
2017-03-08,853.119995,856.929993,851.25,853.640015,1028800
2017-03-09,853.690002,860.710022,852.669983,857.840027,1347700
2017-03-10,862.700012,864.22998,857.609985,861.409973,1336600
2017-03-13,860.830017,867.130005,860.820007,864.580017,1166600
2017-03-14,863.75,867.580017,860.130005,865.909973,1061700
2017-03-15,867.940002,869.880005,861.299988,868.390015,1332900
2017-03-16,870.530029,872.710022,867.52002,870,1104500
2017-03-17,873.679993,874.419983,868.369995,872.369995,1868300
2017-03-20,869.47998,870.340027,864.669983,867.909973,1542200
2017-03-21,870.059998,873.469971,847.690002,850.140015,2538000
2017-03-22,849.47998,855.349976,847,849.799988,1366700
2017-03-23,841.390015,841.690002,833,839.650024,3287700
2017-03-24,842,844,829.099976,835.140015,2105700
2017-03-27,828.090027,841.380005,824.299988,838.51001,1934600
2017-03-28,839.690002,845.400024,832.27002,840.630005,1519200
2017-03-29,842.75,851.590027,841.380005,849.869995,1457300
2017-03-30,851.97998,852,846.77002,849.47998,949400
2017-03-31,846.830017,849.559998,845.23999,847.799988,1441000
2017-04-03,848.75,859,847.530029,856.75,1969400
2017-04-04,848,853,847.51001,852.570007,1348500
2017-04-05,854.710022,860.590027,847.52002,848.909973,1855200
2017-04-06,849.5,853.590027,844,845.099976,1533600
2017-04-07,845,845.880005,837.299988,842.099976,1111600
2017-04-10,841.539978,846.73999,840.789978,841.700012,1046200
2017-04-11,841.700012,844.630005,834.599976,839.880005,974300
2017-04-12,838.460022,843.719971,837.590027,841.460022,1135800
2017-04-13,841.039978,843.72998,837.849976,840.179993,1073700
2017-04-17,841.380005,855.640015,841.030029,855.130005,1049100
2017-04-18,852.539978,857.390015,851.25,853.98999,936200
2017-04-19,857.390015,860.200012,853.530029,856.51001,1080300
2017-04-20,859.73999,863.929993,857.5,860.080017,1188800
2017-04-21,860.619995,862.440002,857.72998,858.950012,1172900
2017-04-24,868.440002,879.960022,866.109985,878.929993,1696500
2017-04-25,882.26001,892.25,879.280029,888.840027,2038000
2017-04-26,891.390015,892.98999,885.150024,889.140015,1323300
2017-04-27,890,893.380005,887.179993,891.440002,2342300
2017-04-28,929,935.900024,923.219971,924.52002,3845900
2017-05-01,924.150024,935.820007,920.799988,932.820007,2327800
2017-05-02,933.27002,942.98999,931,937.090027,1751300
2017-05-03,936.049988,950.200012,935.210022,948.450012,1824800
2017-05-04,950.289978,959.140015,947.369995,954.719971,1937600
2017-05-05,956.719971,958.440002,948.099976,950.280029,1615500
2017-05-08,947.450012,960.98999,947.400024,958.690002,1876700
2017-05-09,961.330017,962.200012,954.400024,956.710022,1687900
2017-05-10,956.219971,956.710022,949.840027,954.840027,1146000
2017-05-11,951.289978,957.98999,948.609985,955.890015,1031100
2017-05-12,957.849976,957.97998,952.059998,955.140015,1214900
2017-05-15,955.289978,962.700012,952.820007,959.219971,1337700
2017-05-16,963.549988,965.900024,960.349976,964.609985,1101500
2017-05-17,959.700012,960.98999,940.059998,942.169983,2449100
2017-05-18,943.200012,954.179993,941.27002,950.5,1800500
2017-05-19,952.820007,959.559998,952,954.650024,1360300
2017-05-22,957,964.820007,956.559998,964.070007,1387400
2017-05-23,969.960022,974.51001,964.5,970.549988,1545400
2017-05-24,975.26001,978.119995,971.630005,977.609985,1133000
2017-05-25,979,995.780029,977.820007,991.859985,1954100
2017-05-26,992,996.390015,987.359985,993.27002,1636400
2017-05-30,992.5,997.619995,991.359985,996.169983,1516200
2017-05-31,996.210022,999.599976,981.679993,987.090027,1724100
2017-06-01,990.960022,993.140015,981.289978,988.289978,1306400
2017-06-02,988.590027,996.47998,987.070007,996.119995,1735500
2017-06-05,997.890015,1007.400024,995.450012,1003.880005,1378900
2017-06-06,1003.309998,1008.609985,994.799988,996.679993,1552100
2017-06-07,999.090027,1003.909973,995.869995,1001.5,1374100
2017-06-08,1004.22998,1005.599976,996.619995,1004.280029,1687900
2017-06-09,1005.48999,1005.5,953.369995,970.119995,3647900
2017-06-12,958.719971,968,936.799988,961.809998,4202100
2017-06-13,972.039978,977.909973,962.01001,970.5,2005400
2017-06-14,975.5,979.700012,959.51001,967.929993,1505500
2017-06-15,948.02002,960.679993,940.369995,960.179993,2427600
2017-06-16,957.909973,959.950012,948.700012,958.619995,2559200
2017-06-19,969.650024,979.299988,968.200012,975.219971,1468800
2017-06-20,975.309998,980.789978,968.200012,968.98999,1297300
2017-06-21,970.789978,979.549988,969.450012,978.590027,1161600
2017-06-22,976.869995,980.5,973.309998,976.619995,1009500
2017-06-23,975.5,986.619995,974.460022,986.090027,1564000
2017-06-26,990,993.98999,970.330017,972.090027,1517900
2017-06-27,961.599976,967.219971,947.090027,948.090027,2443600
2017-06-28,950.659973,963.23999,936.159973,961.01001,2745600
2017-06-29,951.349976,951.659973,929.599976,937.820007,3206700
2017-06-30,943.98999,945,929.609985,929.679993,2287700
2017-07-03,933.219971,934.23999,915.309998,919.460022,1694800
2017-07-05,924.200012,936.289978,918.630005,932.26001,2094100
2017-07-06,925,936.140015,919.849976,927.690002,2014900
2017-07-07,930.98999,944.659973,929.789978,940.809998,1663300
2017-07-10,941.950012,953.130005,941.950012,951,1451500
2017-07-11,950.52002,954.890015,945.119995,953.530029,1461200
2017-07-12,960.859985,969.630005,957.039978,967.659973,1602100
2017-07-13,970.799988,978.700012,964.799988,968.849976,1524600
2017-07-14,974,977.539978,970.150024,976.909973,1079600
2017-07-17,976.320007,983.349976,970.799988,975.960022,1660500
2017-07-18,973.359985,990.849976,972.039978,986.950012,1413300
2017-07-19,990.01001,995.599976,987.01001,992.77002,1412100
2017-07-20,997,998.679993,984.619995,992.190002,1418400
2017-07-21,989,995.109985,984.169983,993.840027,1463300
2017-07-24,994.099976,1006.190002,990.27002,998.309998,3984500
2017-07-25,970.700012,976.72998,963.799988,969.030029,5933600
2017-07-26,972.780029,973.950012,960.22998,965.309998,2221600
2017-07-27,969.179993,969.52002,937.059998,952.51001,3717900
2017-07-28,947.98999,961.789978,945.309998,958.330017,1813800
2017-07-31,960,961.190002,941.72998,945.5,2283500
2017-08-01,947.809998,954.48999,944.960022,946.559998,1402600
2017-08-02,948.369995,949.099976,932.52002,947.640015,2039400
2017-08-03,949.099976,950,939.440002,940.299988,1123900
2017-08-04,943.950012,947.539978,939.799988,945.789978,1254600
2017-08-07,947.52002,948.960022,943.5,945.75,1445800
2017-08-08,944.289978,952.48999,942.47998,944.190002,1505100
2017-08-09,938.450012,943.76001,933.919983,940.080017,1400900
2017-08-10,935,936.299988,921.780029,923.590027,2707400
2017-08-11,923.710022,933.359985,921.219971,930.090027,1616700
2017-08-14,939.070007,941.039978,934.48999,938.929993,1150600
2017-08-15,941.030029,943.070007,936.640015,938.080017,1106500
2017-08-16,941.25,949.900024,940.039978,944.27002,1345300
2017-08-17,942.950012,943.809998,927.640015,927.659973,1695700
2017-08-18,926.97998,931.02002,923.450012,926.179993,1337400
2017-08-21,925.77002,928.25,918.599976,920.869995,1301200
2017-08-22,926.960022,941.960022,926.169983,940.400024,1775100
2017-08-23,937,945.429993,935.23999,942.580017,1134500
2017-08-24,943.710022,946.309998,930.73999,936.890015,1294600
2017-08-25,939.210022,940.72998,930.099976,930.5,1187300
2017-08-28,931.880005,934.849976,926.109985,928.130005,1049400
2017-08-29,919.950012,938.190002,919.309998,935.75,1158600
2017-08-30,935.669983,945.859985,934.049988,943.630005,1120300
2017-08-31,946.299988,957.200012,946.25,955.23999,1693300
2017-09-01,957.469971,958.330017,950.280029,951.98999,1042900
2017-09-05,946.859985,951.390015,935.599976,941.47998,1457400
2017-09-06,943.869995,944.5,932.679993,942.02002,1391500
2017-09-07,944.25,950.5,937.530029,949.890015,1116600
2017-09-08,949.700012,950.700012,940.01001,941.409973,999900
2017-09-11,947.200012,952.679993,941,943.289978,1337400
2017-09-12,946.919983,948.090027,937.5,946.650024,1284800
2017-09-13,945.5,952.849976,944.73999,950.440002,1095400
2017-09-14,946,948.030029,938.359985,940.130005,1427400
2017-09-15,940.090027,941.75,931.25,935.289978,1994300
2017-09-18,935.01001,936.859985,925.400024,929.75,1473700
2017-09-19,933.409973,937.940002,926.659973,936.859985,1242700
2017-09-20,937.72998,950,937.5,947.539978,2004000
2017-09-21,948.130005,952.799988,939.380005,947.549988,1370700
2017-09-22,942.77002,950,940.840027,943.26001,1074800
2017-09-25,939.450012,939.75,924.51001,934.280029,1873400
2017-09-26,936.690002,944.080017,935.119995,937.429993,1672700
2017-09-27,942.73999,965.429993,941.950012,959.900024,2334600
2017-09-28,956.25,966.179993,955.549988,964.809998,1400900
2017-09-29,966,975.809998,966,973.719971,2031100
2017-10-02,975.650024,977.73999,961.950012,967.469971,1539100
2017-10-03,967.559998,972.440002,962.710022,972.080017,1083300
2017-10-04,971.76001,974.400024,965.609985,966.780029,1057800
2017-10-05,972.789978,986.51001,970.27002,985.190002,1780900
2017-10-06,980,994.26001,978.51001,993.640015,1553000
2017-10-09,995,1000.460022,991.5,992.309998,1295500
2017-10-10,995.299988,997.469971,981.109985,987.799988,1163400
2017-10-11,989.039978,1007.570007,987.940002,1005.650024,1815000
2017-10-12,1003.840027,1011.539978,1001.099976,1005.650024,1530700
2017-10-13,1009.109985,1014.76001,1007.059998,1007.869995,1327600
2017-10-16,1009.630005,1012,1001.52002,1009.349976,1071000
2017-10-17,1007.440002,1014.559998,1006.049988,1011,1013000
2017-10-18,1011.049988,1016.309998,1005.320007,1012.73999,1279800
2017-10-19,1004.75,1007.320007,997.299988,1001.840027,1714200
2017-10-20,1007.049988,1008.650024,1002.27002,1005.070007,1606000
2017-10-23,1005.179993,1005.789978,983.099976,985.539978,1639300
2017-10-24,986.5,989.26001,977.080017,988.48999,1445100
2017-10-25,986.27002,994.429993,977.719971,991.460022,1528700
2017-10-26,998.469971,1006.51001,990.469971,991.419983,2369800
2017-10-27,1030.98999,1063.619995,1026.849976,1033.670044,5184100
2017-10-30,1029.160034,1039.829956,1022.330017,1033.130005,2340200
2017-10-31,1033,1041,1026.300049,1033.040039,1516300
2017-11-01,1036.319946,1047.859985,1034,1042.599976,2163100
2017-11-02,1039.98999,1045.52002,1028.660034,1042.969971,1334700
2017-11-03,1042.75,1050.660034,1037.650024,1049.98999,1388500
2017-11-06,1049.099976,1052.589966,1042,1042.680054,914700
2017-11-07,1049.650024,1053.410034,1043,1052.390015,1305200
2017-11-08,1050.050049,1062.689941,1047.050049,1058.290039,1213800
2017-11-09,1048,1050.880005,1035.849976,1047.719971,1794600
2017-11-10,1043.869995,1046.630005,1041.219971,1044.150024,972100
2017-11-13,1040.800049,1048.73999,1039.26001,1041.199951,940700
2017-11-14,1037.719971,1042.300049,1029.329956,1041.640015,1050600
2017-11-15,1035,1039.630005,1030.76001,1036.410034,905300
2017-11-16,1038.75,1051.76001,1038,1048.469971,1188400
2017-11-17,1049.800049,1051,1033.72998,1035.890015,1335600
2017-11-20,1036,1038.699951,1032.680054,1034.660034,876300
2017-11-21,1040.040039,1050.390015,1039.140015,1050.300049,1110300
2017-11-22,1051.160034,1055.430054,1047.25,1051.920044,726900
2017-11-24,1054.390015,1060.069946,1051.920044,1056.52002,824600
2017-11-27,1058.569946,1073.040039,1054.77002,1072.01001,1771500
2017-11-28,1073.98999,1080,1054.540039,1063.290039,1821200
2017-11-29,1056.180054,1058.77002,1029.650024,1037.380005,2793300
2017-11-30,1039.939941,1044.140015,1030.069946,1036.170044,2254600
2017-12-01,1030.410034,1037.23999,1016.900024,1025.069946,1888100
2017-12-04,1027.800049,1031.339966,1009.219971,1011.869995,1938900
2017-12-05,1010.98999,1036.680054,1002.320007,1019.599976,1949900
2017-12-06,1016.52002,1039.579956,1015.309998,1032.719971,1435500
2017-12-07,1036.069946,1048.920044,1035.359985,1044.569946,1543300
2017-12-08,1051.810059,1056.420044,1045.859985,1049.380005,1558500
2017-12-11,1051.109985,1056,1044.119995,1051.969971,1162700
2017-12-12,1050,1062.5,1044.869995,1048.77002,1694100
2017-12-13,1052.079956,1055.47998,1046.579956,1051.390015,1384000
2017-12-14,1055.48999,1067.079956,1053.599976,1057.469971,1548100
2017-12-15,1063.780029,1075.25,1060.089966,1072,3188000
2017-12-18,1076.449951,1086.48999,1070.369995,1085.089966,1514600
2017-12-19,1083.02002,1084.969971,1072.27002,1079.780029,1317500
2017-12-20,1080.920044,1081.22998,1068.599976,1073.560059,1436400
2017-12-21,1075.390015,1077.52002,1069,1070.849976,1282000
2017-12-22,1070,1071.719971,1067.640015,1068.859985,889400
2017-12-26,1068.640015,1068.859985,1058.640015,1065.849976,918800
2017-12-27,1066.599976,1068.27002,1058.380005,1060.199951,1116200
2017-12-28,1062.25,1064.839966,1053.380005,1055.949951,994200
2017-12-29,1055.48999,1058.050049,1052.699951,1053.400024,1180300
2018-01-02,1053.02002,1075.97998,1053.02002,1073.209961,1588300
2018-01-03,1073.930054,1096.099976,1073.430054,1091.52002,1565900
2018-01-04,1097.089966,1104.079956,1094.26001,1095.76001,1302600
2018-01-05,1103.449951,1113.579956,1101.800049,1110.290039,1512500
2018-01-08,1111,1119.160034,1110,1114.209961,1232200
2018-01-09,1118.439941,1118.439941,1108.199951,1112.790039,1340400
2018-01-10,1107,1112.780029,1103.97998,1110.140015,1036700
2018-01-11,1112.310059,1114.849976,1106.47998,1112.050049,1121200
2018-01-12,1110.099976,1131.300049,1108.01001,1130.650024,1929300
2018-01-16,1140.310059,1148.880005,1126.660034,1130.699951,1823100
2018-01-17,1136.359985,1139.319946,1123.48999,1139.099976,1391500
2018-01-18,1139.349976,1140.589966,1124.459961,1135.969971,1374900
2018-01-19,1138.030029,1143.780029,1132.5,1143.5,1527600
2018-01-22,1143.819946,1166.880005,1141.819946,1164.160034,1477500
2018-01-23,1170.619995,1178.51001,1167.25,1176.170044,1956900
2018-01-24,1184.97998,1187.050049,1167.400024,1171.290039,1856400
2018-01-25,1180.709961,1185,1171.839966,1182.140015,1499200
2018-01-26,1187.530029,1187.560059,1168.030029,1187.560059,2108500
2018-01-29,1188,1198,1184.060059,1186.47998,1574700
2018-01-30,1177.719971,1187.930054,1174.51001,1177.369995,1866900
2018-01-31,1183.810059,1186.319946,1172.099976,1182.219971,1801100
2018-02-01,1175.98999,1187.449951,1169.359985,1181.589966,3675700
2018-02-02,1127.420044,1131.300049,1111.170044,1119.199951,5892100
2018-02-05,1100.609985,1114.98999,1056.73999,1062.390015,4177500
2018-02-06,1033.97998,1087.380005,1030.01001,1084.430054,3831500
2018-02-07,1084.969971,1086.530029,1054.619995,1055.410034,2597100
2018-02-08,1059.869995,1063.930054,1004.700012,1007.710022,3339600
2018-02-09,1025.880005,1051.719971,997,1046.27002,4918000
2018-02-12,1056.670044,1065.569946,1045.48999,1054.560059,2812000
2018-02-13,1050,1061.219971,1046.920044,1054.140015,1579300
2018-02-14,1054.319946,1075.469971,1049.800049,1072.699951,2065200
2018-02-15,1083.449951,1094.099976,1067.22998,1091.359985,1869800
2018-02-16,1093.380005,1108.310059,1091.550049,1095.5,1997400
2018-02-20,1092.76001,1116.290039,1090,1103.589966,1687700
2018-02-21,1109.099976,1136.199951,1107.51001,1113.75,2074300
2018-02-22,1119.170044,1125.459961,1105.150024,1109.900024,1400500
2018-02-23,1118.660034,1129,1108.439941,1128.089966,1264600
2018-02-26,1131.859985,1144.199951,1129.339966,1143.699951,1545600
2018-02-27,1143.699951,1144.25,1116.790039,1117.51001,2148200
2018-02-28,1122,1127.650024,1103,1103.920044,2464600
2018-03-01,1109.540039,1111.27002,1067.290039,1071.410034,2766900
2018-03-02,1057.97998,1086.890015,1050.109985,1084.140015,2508100
2018-03-05,1078.130005,1101.180054,1072.27002,1094.76001,1432400
2018-03-06,1102.099976,1105.630005,1094.5,1100.900024,1169100
2018-03-07,1092.819946,1116.199951,1089.910034,1115.040039,1537400
2018-03-08,1117.199951,1131.439941,1117.199951,1129.380005,1693100
2018-03-09,1139.5,1161,1134.290039,1160.839966,2133100
2018-03-12,1165.050049,1178.160034,1159.199951,1165.930054,2215300
2018-03-13,1171.829956,1178,1134.569946,1139.910034,2157000
2018-03-14,1145.800049,1159.76001,1142.349976,1148.890015,2093500
2018-03-15,1149.569946,1162.5,1135.660034,1150.609985,1669100
2018-03-16,1155.349976,1156.810059,1131.359985,1134.420044,2932800
2018-03-19,1117.76001,1119.369995,1088.920044,1100.069946,3182800
2018-03-20,1098.400024,1105.550049,1082.420044,1095.800049,2729900
2018-03-21,1092.569946,1108.699951,1087.209961,1094,2244900
2018-03-22,1080.01001,1083.920044,1049.640015,1053.150024,3465600
2018-03-23,1051.369995,1066.780029,1024.869995,1026.550049,2494000
2018-03-26,1050.599976,1059.27002,1010.580017,1054.089966,3299200
2018-03-27,1063.900024,1064.540039,997.619995,1006.940002,3040800
2018-03-28,1001.909973,1024.98999,984,1005.179993,3884900
2018-03-29,1011.210022,1048.050049,1004.039978,1037.140015,3466900
2018-04-02,1027.619995,1039.530029,994.25,1012.630005,3253400
2018-04-03,1016.150024,1025,997.25,1018.679993,2566100
2018-04-04,998.22998,1032.73999,996.51001,1029.709961,2536200
2018-04-05,1046.390015,1046.709961,1024,1032.640015,1791800
2018-04-06,1023.099976,1036,1006.25,1009.950012,2006700
2018-04-09,1020.039978,1044.589966,1019.200012,1020.090027,1661000
2018-04-10,1030.26001,1041.209961,1015.409973,1036.5,1831000
2018-04-11,1032,1035.869995,1019.200012,1025.060059,1703000
2018-04-12,1031.469971,1044.650024,1026.050049,1037.290039,1644800
2018-04-13,1046.890015,1052.97998,1030.150024,1036.040039,1270500
2018-04-16,1045.550049,1051.430054,1033.920044,1046.099976,1488800
2018-04-17,1061.199951,1085,1057.089966,1079.359985,2729200
2018-04-18,1079.01001,1082,1070.52002,1075.390015,1556300
2018-04-19,1069.02002,1097.51001,1069.02002,1089.449951,1994200
2018-04-20,1084.27002,1094.75,1072.099976,1077.319946,2121700
2018-04-23,1082.97998,1088,1066.680054,1073.810059,3479500
2018-04-24,1059.199951,1064.48999,1012.859985,1022.640015,6411000
2018-04-25,1029.75,1036.069946,1017.01001,1022.98999,2893000
2018-04-26,1033.219971,1052.02002,1020.450012,1043.310059,2546300
2018-04-27,1045.540039,1051.699951,1027.589966,1031.449951,2037300
2018-04-30,1034.420044,1038.369995,1018.299988,1018.580017,1724600
2018-05-01,1016.299988,1041.72998,1010.609985,1040.75,1766300
2018-05-02,1034,1043.97998,1023.159973,1026.050049,1734900
2018-05-03,1025.369995,1030.689941,1007.890015,1026.300049,1964100
2018-05-04,1019.609985,1051.880005,1018.049988,1051,1844600
2018-05-07,1053.890015,1065,1050.27002,1059.459961,1720000
2018-05-08,1064.619995,1065.22998,1051.640015,1058.589966,1301500
2018-05-09,1064.099976,1094,1062.109985,1088.949951,2358000
2018-05-10,1095,1109.410034,1093.880005,1105.469971,1820700
2018-05-11,1100.410034,1109.01001,1097.219971,1103.380005,1525200
2018-05-14,1105.569946,1118.150024,1104.800049,1106.599976,1966900
2018-05-15,1096.900024,1099.119995,1078.780029,1084.869995,1786900
2018-05-16,1085.089966,1094.380005,1081.630005,1084.089966,1281400
2018-05-17,1081.459961,1091,1076.420044,1081.26001,1286900
2018-05-18,1066,1073.72998,1064.680054,1069.640015,1774100
2018-05-21,1079,1093.300049,1078,1084.01001,1259000
2018-05-22,1089.800049,1091.800049,1072.26001,1075.310059,1111300
2018-05-23,1070,1088,1066.959961,1085.959961,1187000
2018-05-24,1086.900024,1087.119995,1072.300049,1085.449951,1030200
2018-05-25,1086.550049,1089.569946,1082.599976,1084.079956,1111200
2018-05-29,1076,1081.339966,1063.079956,1068.069946,1803800
2018-05-30,1073.47998,1078.98999,1066.550049,1077.469971,1434300
2018-05-31,1082,1110,1078,1100,3968400
2018-06-01,1112.869995,1138.160034,1112.01001,1135,3160100
2018-06-04,1138.5,1157.859985,1137,1153.040039,2237700
2018-06-05,1154.660034,1161.099976,1147.459961,1151.02002,1648200
2018-06-06,1152.77002,1154.709961,1136.319946,1146.949951,1746700
2018-06-07,1144.579956,1145.869995,1126.119995,1134.420044,1805400
2018-06-08,1131.209961,1138.780029,1123.22998,1132.709961,1364200
2018-06-11,1132.939941,1147.73999,1131.400024,1140.900024,1239800
2018-06-12,1141.02002,1148.75,1141.02002,1148.189941,1304600
2018-06-13,1152.280029,1155.640015,1143.380005,1144.22998,1715100
2018-06-14,1152.209961,1165.98999,1150.599976,1160.109985,1771100
2018-06-15,1159.920044,1163.910034,1153.689941,1159.27002,2221900
2018-06-18,1152.689941,1184.130005,1151,1183.579956,1651900
2018-06-19,1170.109985,1182.810059,1161.609985,1178.689941,2364100
2018-06-20,1183.300049,1201.48999,1182.030029,1184.069946,2584300
2018-06-21,1185.51001,1190.329956,1163.47998,1169.439941,2248300
2018-06-22,1171.48999,1175,1159.650024,1169.290039,1711000
2018-06-25,1155,1155.98999,1119.900024,1139.280029,2884100
2018-06-26,1144.140015,1146.869995,1129,1132.619995,1734400
2018-06-27,1136,1146.209961,1116.699951,1116.939941,1726900
2018-06-28,1112.390015,1134,1106.069946,1126.780029,1486300
2018-06-29,1132.310059,1141.359985,1127.02002,1129.189941,1578100
2018-07-02,1115.349976,1142.98999,1106.599976,1142.109985,1160800
2018-07-03,1149.420044,1149.910034,1114.430054,1116.280029,822400
2018-07-05,1124.599976,1144.140015,1123.119995,1141.290039,1429700
2018-07-06,1141.77002,1156.199951,1137.23999,1155.079956,1091000
2018-07-09,1160,1167.930054,1157.22998,1167.280029,1079200
2018-07-10,1169.98999,1173.5,1162.560059,1167.140015,1066700
2018-07-11,1155.619995,1180.439941,1155.369995,1171.459961,1662600
2018-07-12,1174.859985,1201.98999,1173.099976,1201.26001,2207400
2018-07-13,1202.800049,1210.439941,1195.290039,1204.420044,1630600
2018-07-16,1203.810059,1208.709961,1193.400024,1196.51001,1339200
2018-07-17,1182.73999,1218.76001,1182,1213.079956,2008100
2018-07-18,1208.530029,1221.589966,1204.560059,1212.910034,1947400
2018-07-19,1206.650024,1216.47998,1197.72998,1199.099976,1916900
2018-07-20,1199.23999,1210.77002,1196.589966,1197.880005,1896900
2018-07-23,1195.660034,1215.099976,1192.01001,1211,3272300
2018-07-24,1271,1275,1244.140015,1258.150024,5380000
2018-07-25,1252.619995,1278.23999,1249.050049,1275.939941,2555200
2018-07-26,1267.180054,1287.400024,1263,1285.5,2734300
2018-07-27,1289.119995,1291.439941,1244.48999,1252.890015,2418100
2018-07-30,1245.050049,1252.890015,1224.170044,1230.040039,2194800
2018-07-31,1231.709961,1241.209961,1216.189941,1227.219971,1969100
2018-08-01,1239.109985,1245.900024,1224.939941,1232.98999,1849700
2018-08-02,1218.5,1244.410034,1218.060059,1241.130005,1735200
2018-08-03,1245.180054,1246.52002,1229.420044,1238.160034,1063200
2018-08-06,1241.609985,1242.459961,1230.530029,1237.670044,1105700
2018-08-07,1252.01001,1266.079956,1251.800049,1255.839966,2125300
2018-08-08,1256.719971,1271.719971,1252.119995,1261.329956,1717200
2018-08-09,1262.72998,1271.959961,1260.099976,1264.459961,1366300
2018-08-10,1259.180054,1261.199951,1247.160034,1252.51001,1330100
2018-08-13,1251.199951,1265.969971,1247.030029,1248.640015,1375000
2018-08-14,1252.5,1260.589966,1239.540039,1258.140015,1404000
2018-08-15,1244.280029,1251.97998,1226.23999,1232.219971,1852600
2018-08-16,1241.98999,1243.699951,1219.630005,1224.060059,1608800
2018-08-17,1222.040039,1226.949951,1204,1215.849976,1654600
2018-08-20,1220.660034,1225.910034,1208.699951,1221.949951,1110900
2018-08-21,1223.02002,1232.76001,1215.030029,1217.410034,1154100
2018-08-22,1214.219971,1226.530029,1213.219971,1221.75,1114800
2018-08-23,1219.880005,1235.170044,1219.349976,1221.160034,1233300
2018-08-24,1226,1237.400024,1221.420044,1236.75,1222700
2018-08-27,1244.140015,1257.869995,1240.680054,1256.27002,1429000
2018-08-28,1255.900024,1256.560059,1242.969971,1245.859985,1366500
2018-08-29,1255,1267.170044,1252.800049,1264.650024,1846300
2018-08-30,1263.400024,1269.48999,1247.209961,1254.439941,1505200
2018-08-31,1252.209961,1252.550049,1225.75,1231.800049,2115400
2018-09-04,1222.52002,1227.869995,1206.560059,1211.310059,2072900
2018-09-05,1209.219971,1214.869995,1175.339966,1199.099976,2699400
2018-09-06,1198.569946,1198.98999,1163.609985,1183.98999,2342700
2018-09-07,1172,1188.550049,1169.27002,1177.589966,1632900
2018-09-10,1184.199951,1186.660034,1170.609985,1175.060059,1383500
2018-09-11,1171.099976,1190.939941,1165.949951,1189.98999,1462700
2018-09-12,1182,1190.689941,1166.160034,1171.599976,1785800
2018-09-13,1179.699951,1187.859985,1169.219971,1182.140015,2003400
2018-09-14,1188,1188,1173.52002,1177.97998,1208800
2018-09-17,1177.77002,1181.819946,1158.459961,1159.829956,1704800
2018-09-18,1162.660034,1181.329956,1161.430054,1167.109985,1615700
2018-09-19,1168.959961,1176.27002,1158.619995,1174.27002,1298100
2018-09-20,1180.670044,1194,1176.25,1191.569946,1462200
2018-09-21,1194.920044,1196.579956,1172.060059,1172.119995,4561100
2018-09-24,1159.410034,1185.189941,1151.5,1179.560059,1557500
2018-09-25,1184.25,1196.859985,1174.089966,1193.890015,1657600
2018-09-26,1193.689941,1207.23999,1185.400024,1194.060059,1882500
2018-09-27,1200,1216.859985,1198.050049,1207.359985,1813700
2018-09-28,1204.089966,1208.449951,1197.829956,1207.079956,1780600
2018-10-01,1213,1224.199951,1203.189941,1208.530029,1658200
2018-10-02,1206.670044,1224.52002,1199.660034,1207.640015,2009000
2018-10-03,1212,1214.180054,1202.150024,1211.530029,1312300
2018-10-04,1205.030029,1205.900024,1163.849976,1177.069946,2328800
2018-10-05,1176,1182,1154.319946,1167.829956,1592600
2018-10-08,1160,1175.859985,1135.400024,1155.920044,2309500
2018-10-09,1151.310059,1161.550049,1144.170044,1145.170044,1684500
2018-10-10,1136.400024,1137.02002,1091.51001,1092.160034,2949000
2018-10-11,1079.040039,1116.060059,1075.890015,1090.73999,3384800
2018-10-12,1119.640015,1125.829956,1095.030029,1120.540039,2468500
2018-10-15,1118,1121.800049,1098.219971,1102.439941,1503700
2018-10-16,1113.47998,1136.369995,1111.75,1133.079956,1918900
2018-10-17,1140,1147,1114,1127.589966,1782600
2018-10-18,1130,1132.349976,1086.339966,1097.910034,2307600
2018-10-19,1103.709961,1120.949951,1097.030029,1105.180054,2064300
2018-10-22,1112.51001,1121.689941,1100,1111.369995,1355800
2018-10-23,1091.290039,1118,1079.01001,1114.910034,1884300
2018-10-24,1115,1116.619995,1055.060059,1057.119995,2464300
2018-10-25,1080.300049,1117.819946,1075.550049,1103.589966,3647800
2018-10-26,1048.329956,1117,1042.22998,1083.75,5321900
2018-10-29,1096.540039,1108.829956,1007.200012,1034.72998,4064500
2018-10-30,1020.01001,1050.900024,1013.969971,1049.51001,2988400
2018-10-31,1068.199951,1108,1068.199951,1090.579956,3545800
2018-11-01,1091.400024,1099.900024,1077.819946,1085.97998,2006600
2018-11-02,1089,1098,1067.660034,1071.48999,2171900
2018-11-05,1072.530029,1073.349976,1034,1055.72998,2267900
2018-11-06,1055.02002,1079.819946,1053.609985,1069.569946,1433000
2018-11-07,1083.48999,1109.930054,1080.589966,1108.23999,2169400
2018-11-08,1107.300049,1108.219971,1084.359985,1094.630005,1684700
2018-11-09,1084.02002,1088.349976,1064.26001,1077.02002,1743000
2018-11-12,1073.130005,1074.099976,1040.349976,1049.359985,1700100
2018-11-13,1054.810059,1066.670044,1040.400024,1047.969971,1287500
2018-11-14,1060,1065.790039,1041.109985,1054.579956,1733300
2018-11-15,1051.459961,1078.869995,1041.290039,1071.050049,2079200
2018-11-16,1065.22998,1072.439941,1054.900024,1068.27002,1768300
2018-11-19,1063.390015,1068,1022.869995,1027.420044,2284200
2018-11-20,1007.289978,1037.349976,1002.210022,1030.449951,2722900
2018-11-21,1045.310059,1054.709961,1039.459961,1043.430054,1484900
2018-11-23,1033.5,1043,1028.52002,1030.099976,708900
2018-11-26,1044,1057,1039.77002,1055.939941,1577900
2018-11-27,1051.339966,1066.76001,1045.5,1052.280029,1652400
2018-11-28,1057.459961,1092.859985,1042.949951,1091.790039,2302100
2018-11-29,1083.530029,1100.150024,1082,1094.579956,1550200
2018-11-30,1095.630005,1109.650024,1083.180054,1109.650024,2983400
2018-12-03,1132.160034,1135,1111.72998,1116.359985,2876600
2018-12-04,1112.98999,1114.23999,1060.780029,1062.469971,2281500
2018-12-06,1045,1079.420044,1042.47998,1078.079956,2371800
2018-12-07,1072.22998,1085.030029,1039.369995,1046.579956,2134100
2018-12-10,1042.939941,1059.599976,1033,1053.180054,1682600
2018-12-11,1066.939941,1070.400024,1050.099976,1061.650024,1692600
2018-12-12,1077.079956,1091.72998,1071.969971,1073.72998,1448000
2018-12-13,1075.670044,1088.420044,1064.98999,1073.540039,1249300
2018-12-14,1060.02002,1071.719971,1049.369995,1051.709961,1817900
2018-12-17,1047.01001,1062.380005,1016.630005,1025.650024,2496600
2018-12-18,1034,1059.689941,1030.47998,1043.410034,2182000
2018-12-19,1047.290039,1075.709961,1019.429993,1035.459961,2913200
2018-12-20,1026,1047.439941,1007.859985,1023.580017,2683700
2018-12-21,1032.040039,1037.670044,981.190002,991.25,5232800
2018-12-24,984.320007,1012.119995,977.659973,984.669983,1818000
2018-12-26,997.98999,1048.449951,992.650024,1047.849976,2315900
2018-12-27,1026.199951,1053.339966,1007,1052.900024,2299800
2018-12-28,1059.5,1064.22998,1042,1046.680054,1719900
2018-12-31,1057.829956,1062.98999,1033.040039,1044.959961,1655500
2019-01-02,1027.199951,1060.790039,1025.280029,1054.680054,1593400
2019-01-03,1050.670044,1066.26001,1022.369995,1025.469971,2098000
2019-01-04,1042.560059,1080,1036.859985,1078.069946,2301100
2019-01-07,1080.969971,1082.699951,1062.640015,1075.920044,2372300
2019-01-08,1086,1093.349976,1068.349976,1085.369995,1770700
2019-01-09,1087.98999,1091.640015,1074.369995,1081.650024,1349900
2019-01-10,1074.939941,1079.810059,1064.680054,1078.829956,1329900
2019-01-11,1069.900024,1073.369995,1056.430054,1064.469971,1543200
2019-01-14,1053.339966,1058.449951,1048.550049,1051.51001,1424500
2019-01-15,1058.01001,1088.27002,1054.439941,1086.51001,1875900
2019-01-16,1090,1102.359985,1088.01001,1089.51001,1914000
2019-01-17,1087.98999,1100.699951,1083.26001,1099.119995,1244800
2019-01-18,1108.589966,1118,1099.280029,1107.300049,2244600
2019-01-22,1096,1098.969971,1070.890015,1078.630005,1981600
2019-01-23,1086.859985,1092.949951,1067.569946,1084.410034,1259700
2019-01-24,1082.51001,1088,1070.02002,1084,1455700
2019-01-25,1094.22998,1103.359985,1091.800049,1101.51001,1163000
2019-01-28,1090.069946,1093.369995,1074.609985,1079.859985,1466700
2019-01-29,1081.040039,1084.72998,1066.02002,1070.060059,985200
2019-01-30,1077.359985,1099.52002,1076.640015,1097.98999,1472600
2019-01-31,1112.23999,1127.670044,1105.25,1125.890015,2011600
2019-02-01,1122.290039,1134.400024,1114.25,1118.619995,1655800
2019-02-04,1119.01001,1142.339966,1117.51001,1141.420044,3920400
2019-02-05,1129.630005,1152.77002,1123.599976,1151.869995,4114800
2019-02-06,1149.27002,1154,1118.359985,1122.890015,2412800
2019-02-07,1111.819946,1111.98999,1093.589966,1105.910034,1914900
2019-02-08,1094.880005,1105.099976,1094.23999,1102.380005,1088300
2019-02-11,1103.75,1113.430054,1100,1102.119995,924900
2019-02-12,1111.01001,1132.859985,1111.01001,1127.579956,1751800
2019-02-13,1133.040039,1142.849976,1126,1128.630005,1402100
2019-02-14,1125,1136.130005,1117.089966,1129.199951,1055300
2019-02-15,1139.300049,1139.300049,1116.719971,1119.630005,1391300
2019-02-19,1116.640015,1129.640015,1116.640015,1126.51001,1099000
2019-02-20,1128.880005,1130.930054,1111.75,1120.589966,1204500
2019-02-21,1118.780029,1119.150024,1097.97998,1104.209961,1663600
2019-02-22,1109.699951,1117.25,1100.5,1116.560059,1471800
2019-02-25,1121.930054,1125.400024,1114.109985,1117.329956,1310400
2019-02-26,1114.369995,1126.439941,1106.699951,1122.01001,1751300
2019-02-27,1114.01001,1125.72998,1108.560059,1122.890015,1104600
2019-02-28,1119,1133.98999,1118.410034,1126.550049,1371100
2019-03-01,1131,1150,1131,1148.52002,1704300
2019-03-04,1154.560059,1165.52002,1138.25,1153.420044,1774500
2019-03-05,1156,1176.48999,1153.02002,1169.189941,2004700
2019-03-06,1171.76001,1174.73999,1163.050049,1164.939941,1180100
2019-03-07,1160.5,1163.579956,1141.709961,1150.849976,1504300
2019-03-08,1133.900024,1153.449951,1130.199951,1149.969971,1184700
2019-03-11,1152,1179.910034,1151.569946,1179.26001,1501600
2019-03-12,1182.300049,1205.709961,1182.300049,1197.25,2111000
2019-03-13,1205.930054,1207.119995,1197.910034,1199.060059,1294400
2019-03-14,1199.02002,1204.699951,1191.22998,1192.530029,1365100
2019-03-15,1198,1201.719971,1187.01001,1190.300049,2594300
2019-03-18,1189.689941,1194.949951,1181.47998,1188.550049,1222100
2019-03-19,1191.719971,1203.410034,1189.459961,1202.459961,1489400
2019-03-20,1201.400024,1229.98999,1199.589966,1226.430054,2075400
2019-03-21,1220,1236.439941,1216.579956,1236.130005,1407500
2019-03-22,1228.849976,1233.630005,1206,1207.650024,1721100
2019-03-25,1199.560059,1209.439941,1190,1197.380005,1378800
2019-03-26,1205.189941,1207.650024,1181.76001,1189.839966,1537600
2019-03-27,1191.920044,1191.920044,1164.22998,1178.01001,1471400
2019-03-28,1175.5,1177.25,1163.430054,1172.27002,1120100
2019-03-29,1180.180054,1183.969971,1166.380005,1176.890015,1544500
2019-04-01,1187.540039,1200.199951,1186.359985,1198.97998,1385300
2019-04-02,1200.050049,1205.810059,1191.23999,1205.540039,914400
2019-04-03,1212.699951,1220.599976,1205.079956,1210.810059,1109000
2019-04-04,1211.290039,1220.550049,1209.040039,1219.449951,1051100
2019-04-05,1219.300049,1220.390015,1210.030029,1211.449951,1000600
2019-04-08,1211.109985,1213.949951,1204.699951,1208.280029,1087500
2019-04-09,1201.890015,1207.150024,1198.380005,1202.689941,983400
2019-04-10,1205.089966,1208.939941,1200.660034,1206.449951,775500
2019-04-11,1208.900024,1212.73999,1204.540039,1209.589966,849900
2019-04-12,1215.619995,1223.050049,1213.290039,1222.72998,1215600
2019-04-15,1224.089966,1229.300049,1214.560059,1226.530029,1189800
2019-04-16,1230,1235.97998,1225.040039,1231.910034,1131100
2019-04-17,1237,1245.099976,1232.900024,1240.140015,1518300
2019-04-18,1245,1245.939941,1239.410034,1241.469971,1237500
2019-04-22,1236.670044,1254.339966,1233.369995,1253.76001,954200
2019-04-23,1256.640015,1274.430054,1251.969971,1270.589966,1593400
2019-04-24,1270.589966,1274,1259.810059,1260.050049,1169800
2019-04-25,1270.300049,1272.800049,1258,1267.339966,1567200
2019-04-26,1273.380005,1278.910034,1265,1277.420044,1361400
2019-04-29,1280.51001,1296.969971,1271.709961,1296.199951,3618400
2019-04-30,1190.630005,1200.97998,1183,1198.959961,6658900
2019-05-01,1197.5,1199.25,1171.680054,1173.319946,3717000
2019-05-02,1172.599976,1179.380005,1158.329956,1166.51001,2254900
2019-05-03,1177.410034,1191.400024,1173.550049,1189.550049,2079400
2019-05-06,1172,1195.430054,1171.160034,1193.459961,1588700
2019-05-07,1185.810059,1194.77002,1165,1178.859985,1830200
2019-05-08,1177.290039,1184.27002,1167.630005,1170.780029,1276000
2019-05-09,1162.599976,1174.069946,1154.640015,1167.969971,1477800
2019-05-10,1168.839966,1176.280029,1146.369995,1167.640015,1582500
2019-05-13,1145.23999,1151.969971,1125.5,1136.589966,2281300
2019-05-14,1142.319946,1144.869995,1123.530029,1124.859985,2019600
2019-05-15,1122.550049,1178.300049,1121.400024,1170.800049,2965100
2019-05-16,1171.839966,1194.160034,1168.449951,1184.5,1765400
2019-05-17,1175.829956,1186.290039,1166.420044,1168.780029,1268100
2019-05-20,1153,1153,1138.140015,1144.660034,1530100
2019-05-21,1154.47998,1158,1143.310059,1154.439941,1028100
2019-05-22,1151.25,1163.780029,1151,1155.849976,941300
2019-05-23,1146.069946,1150.050049,1133.160034,1145.339966,1260700
2019-05-24,1152,1154.359985,1136.709961,1138.609985,927700
2019-05-28,1141.47998,1156.48999,1138.670044,1139.560059,1047400
2019-05-29,1132.699951,1135,1111.949951,1119.939941,1811500
2019-05-30,1120.150024,1126.800049,1115.900024,1121.410034,904400
2019-05-31,1105.640015,1113.400024,1103.349976,1106.5,1579100
2019-06-03,1066.930054,1067,1027.030029,1038.73999,4844500
2019-06-04,1044.48999,1058.439941,1036.030029,1054.48999,3025600
2019-06-05,1055,1056.810059,1033,1044.640015,2349400
2019-06-06,1046.209961,1050,1035.51001,1047.76001,1451000
2019-06-07,1054.280029,1073.430054,1051.150024,1068.369995,2191400
2019-06-10,1077,1094.839966,1075.280029,1082.76001,1425500
2019-06-11,1096.98999,1104.01001,1079.569946,1081.040039,1675400
2019-06-12,1079.949951,1082.52002,1069.599976,1079.099976,1183500
2019-06-13,1084.709961,1096.589966,1082.569946,1091.01001,1040700
2019-06-14,1089.73999,1094.76001,1081.47998,1086.300049,1229100
2019-06-17,1089.099976,1101.280029,1088,1093.890015,988500
2019-06-18,1111.5,1118.780029,1100.790039,1105.23999,1726300
2019-06-19,1107.23999,1109.430054,1096.030029,1104.51001,1335700
2019-06-20,1121.699951,1122.719971,1107,1113.199951,1200900
2019-06-21,1109.859985,1126.569946,1109.719971,1125.369995,2538700
2019-06-24,1120,1123.569946,1113.310059,1116.699951,1211800
2019-06-25,1115.079956,1115.699951,1084.599976,1087.579956,1582200
2019-06-26,1091,1095.119995,1073.689941,1080.319946,1734900
2019-06-27,1086.75,1088.459961,1075.849976,1076.630005,1203900
2019-06-28,1077.22998,1082.800049,1073.800049,1082.800049,1683600
2019-07-01,1101.040039,1108.589966,1095.329956,1100,1459800
2019-07-02,1104.829956,1112.890015,1099.670044,1112.599976,1031500
2019-07-03,1118.5,1127.98999,1114.849976,1122.98999,1007700
2019-07-05,1119.369995,1134.650024,1117.5,1132.670044,1489700
2019-07-08,1125.869995,1127.209961,1111.76001,1116.790039,1494400
2019-07-09,1110.319946,1127.859985,1107.150024,1124.290039,1473600
2019-07-10,1132.319946,1142.339966,1130.660034,1140.910034,1535500
2019-07-11,1146.160034,1153.23999,1139.530029,1144.079956,1300200
2019-07-12,1142.930054,1147.5,1138.560059,1145.339966,1093900
2019-07-15,1145.339966,1150.680054,1140,1150.51001,1058200
2019-07-16,1146.72998,1158.579956,1146.72998,1153.459961,1267600
2019-07-17,1150.920044,1158.439941,1146.619995,1146.73999,976900
2019-07-18,1142,1148.170044,1132.859985,1147.23999,1272500
2019-07-19,1149.319946,1151.579956,1131.25,1131.550049,1159200
2019-07-22,1135.469971,1140.02002,1125.209961,1139.209961,1445700
2019-07-23,1143.449951,1148.859985,1132.849976,1148.050049,1032400
2019-07-24,1132.619995,1145.459961,1128.51001,1139.72998,1359600
2019-07-25,1138.949951,1143.589966,1123.709961,1135.939941,2738100
2019-07-26,1228,1268.390015,1228,1245.219971,6060800
2019-07-29,1242.5,1248.98999,1230.199951,1241.839966,2069100
2019-07-30,1227,1236.910034,1225.319946,1228,1430800
2019-07-31,1224.869995,1234.910034,1208.180054,1218.199951,1998000
2019-08-01,1217.630005,1236.300049,1207,1211.780029,1771300
2019-08-02,1203,1209.5,1190,1196.319946,1745500
2019-08-05,1172.969971,1176.880005,1142.75,1154.75,2392000
2019-08-06,1165.52002,1181.400024,1161.530029,1171.079956,1800700
2019-08-07,1157.800049,1179.869995,1150.839966,1175.910034,1534300
2019-08-08,1186.430054,1206.280029,1174,1206.189941,1505800
2019-08-09,1199.98999,1204.459961,1184.890015,1188.900024,1020900
2019-08-12,1180,1185.609985,1168.719971,1174.5,1103200
2019-08-13,1174.349976,1205.430054,1172.98999,1196.72998,1421700
2019-08-14,1176.069946,1182.790039,1161.069946,1164.25,1771500
2019-08-15,1168.430054,1176.420044,1163,1169.319946,1425300
2019-08-16,1180.790039,1183.839966,1173,1179.209961,1245800
2019-08-19,1191.829956,1209.390015,1190.400024,1200.439941,1222500
2019-08-20,1195.349976,1198,1183.050049,1183.530029,1010300
2019-08-21,1195.819946,1200.560059,1187.920044,1191.579956,707600
2019-08-22,1193.800049,1198.780029,1178.910034,1191.52002,867600
2019-08-23,1185.170044,1195.670044,1150,1153.579956,1812700
2019-08-26,1159.449951,1171.859985,1154.849976,1171.180054,1058300
2019-08-27,1183,1185,1164.560059,1170.819946,1173000
2019-08-28,1164.869995,1178.5,1160.25,1173.75,840500
2019-08-29,1186.420044,1199.189941,1185.280029,1194.23999,981800
2019-08-30,1200.349976,1200.349976,1185.719971,1190.530029,903200
2019-09-03,1181.849976,1189.079956,1163.709961,1169.550049,1295400
2019-09-04,1179.449951,1184.880005,1171.530029,1182.27002,1065600
2019-09-05,1193.660034,1214,1192.689941,1212.189941,1319700
2019-09-06,1209.140015,1212.949951,1203.26001,1206.319946,948600
2019-09-09,1207.079956,1220.550049,1193.170044,1205.27002,1592700
2019-09-10,1196.089966,1210,1196.01001,1205.699951,1396100
2019-09-11,1203.890015,1222.469971,1202.280029,1220,1176100
2019-09-12,1223.469971,1242.420044,1222.560059,1234.969971,1582200
2019-09-13,1232.109985,1241.050049,1227.079956,1240.030029,1183800
2019-09-16,1230.439941,1239.02002,1225.189941,1231.630005,1410900
2019-09-17,1231.630005,1235,1223.349976,1229.880005,1040300
2019-09-18,1230.23999,1236.23999,1216.469971,1232.650024,872000
2019-09-19,1232.319946,1244.339966,1232.310059,1238.75,827700
2019-09-20,1233.640015,1242.800049,1223.579956,1229.839966,1884600
2019-09-23,1226.569946,1239.680054,1223.780029,1234.689941,1039900
2019-09-24,1240,1247.109985,1210.640015,1218.329956,1790200
2019-09-25,1216.01001,1248.02002,1209.199951,1245.939941,1339900
2019-09-26,1242.140015,1244.670044,1231.819946,1242.290039,1158300
2019-09-27,1242.829956,1244.98999,1215.199951,1225.949951,1706100
2019-09-30,1220.599976,1227.410034,1213.420044,1221.140015,1223500
2019-10-01,1222.48999,1232.859985,1205.550049,1206,1225200
2019-10-02,1196.5,1198.76001,1172.630005,1177.920044,1651500
2019-10-03,1183.339966,1191,1163.140015,1189.430054,1418400
2019-10-04,1194.290039,1212.459961,1190.969971,1210.959961,1214100
2019-10-07,1207,1218.910034,1204.359985,1208.25,852000
2019-10-08,1198.77002,1206.869995,1189.47998,1190.130005,1004300
2019-10-09,1201.329956,1208.459961,1198.119995,1202.400024,797400
2019-10-10,1198.599976,1215.619995,1197.859985,1209.469971,642100
2019-10-11,1224.030029,1228.75,1213.640015,1215.709961,1116500
2019-10-14,1213.890015,1225.880005,1211.880005,1217.77002,664800
2019-10-15,1221.5,1247.130005,1220.920044,1242.23999,1379200
2019-10-16,1241.810059,1254.189941,1238.530029,1243,1149300
2019-10-17,1251.400024,1263.75,1249.869995,1252.800049,1047900
2019-10-18,1254.689941,1258.109985,1240.140015,1244.410034,1581200
2019-10-21,1248.699951,1253.51001,1239.98999,1244.280029,904700
2019-10-22,1244.47998,1248.72998,1239.849976,1241.199951,1143100
2019-10-23,1240.209961,1258.040039,1240.209961,1257.630005,1064100
2019-10-24,1259.109985,1262.900024,1252.349976,1259.109985,1011200
2019-10-25,1252,1268,1249.150024,1264.300049,1355200
2019-10-28,1275,1299.23999,1272.310059,1288.97998,3271400
2019-10-29,1276,1280.800049,1255.609985,1260.660034,2632700
2019-10-30,1255.150024,1268.02002,1250.650024,1260.699951,1460200
2019-10-31,1260,1266.52002,1249.47998,1258.800049,1595200
2019-11-01,1265.800049,1273,1259.709961,1272.25,1440600
2019-11-04,1276.109985,1292.5,1276.109985,1289.609985,1531600
2019-11-05,1291.199951,1297.23999,1289.380005,1291.439941,1257400
2019-11-06,1290.089966,1292.98999,1282.27002,1291.01001,1231300
2019-11-07,1294.280029,1322.650024,1293.75,1306.939941,2257000
2019-11-08,1301.52002,1317.109985,1301.52002,1309,1519600
2019-11-11,1304,1304.900024,1295.869995,1298.280029,861700
2019-11-12,1298.569946,1309.349976,1294.23999,1297.209961,1442600
2019-11-13,1293.180054,1302.52002,1292.150024,1296.180054,1026900
2019-11-14,1295,1315.719971,1293.939941,1309.150024,1447400
2019-11-15,1315.050049,1333.540039,1311.890015,1333.540039,1964300
2019-11-18,1332.339966,1333.920044,1316.160034,1319.839966,1399200
2019-11-19,1326.630005,1326.630005,1311.77002,1312.589966,1093200
2019-11-20,1311.359985,1313.209961,1289.209961,1301.859985,1444600
2019-11-21,1299.25,1311.119995,1290.75,1300.140015,1277300
2019-11-22,1303,1306.900024,1289.359985,1293.670044,1388800
2019-11-25,1296.26001,1310.410034,1295.609985,1305.640015,1179500
2019-11-26,1309.910034,1314.01001,1304.040039,1313,1095500
2019-11-27,1315.420044,1317.640015,1309.469971,1312.130005,940400
2019-11-29,1306.599976,1309.949951,1303.22998,1304.089966,640100
2019-12-02,1302.560059,1305.439941,1280.380005,1288.859985,1326900
2019-12-03,1278.660034,1297.22998,1277.050049,1294.73999,1263500
2019-12-04,1306.099976,1324.27002,1303.050049,1318.939941,1775300
2019-12-05,1327,1327.97998,1314.319946,1326.959961,1220400
2019-12-06,1332.75,1342.469971,1331.22998,1339.390015,1648400
2019-12-09,1338.859985,1357.550049,1336.069946,1342.98999,1542100
2019-12-10,1339.939941,1348,1334,1342.890015,880300
2019-12-11,1348.300049,1349.890015,1341.099976,1344.25,1024000
2019-12-12,1343.209961,1354.579956,1338.199951,1348.48999,1455700
2019-12-13,1347.900024,1351.349976,1341.660034,1346.869995,1658500
2019-12-16,1355,1363.530029,1350.609985,1360.699951,1406400
2019-12-17,1362.410034,1364.329956,1350.77002,1354.890015,1647400
2019-12-18,1357,1359.430054,1350.459961,1351.910034,1166500
2019-12-19,1351.910034,1357.530029,1348.75,1356.439941,1446100
2019-12-20,1363.099976,1364,1350.72998,1351.219971,2504500
2019-12-23,1358.72998,1361.849976,1348,1350.630005,996800
2019-12-24,1350.209961,1352.01001,1344.170044,1344.430054,673400
2019-12-26,1346.550049,1363.199951,1345.51001,1362.469971,1183100
2019-12-27,1364,1367.050049,1353,1354.640015,1160600
2019-12-30,1356.810059,1357,1337.839966,1339.709961,999700
2019-12-31,1335.790039,1340.660034,1332.130005,1339.390015,975700